title,heading,content,tokens,context,questions,answers
2020年夏季奥林匹克运动会奖牌榜,Summary,"2020年夏季奥林匹克运动会是2021年7月23日至8月8日在日本首都东京都举办的夏季綜合運動會。本届奥林匹克运动会中，百慕大、菲律宾和卡塔爾奪得歷史上首面奥林匹克运动会金牌，而土庫曼斯坦、聖馬力諾和布基納法索則奪得首面奧林匹克運動會獎牌。該屆奧運約5000枚的金、銀、銅獎牌都使用100%的回收電子產品製造而成。
受2019冠状病毒病疫情影响，所有得獎运动員在颁奖仪式上需自行佩戴奖牌或由队友为自己佩戴奖牌。
最終，美国代表團以39枚金牌、113枚獎牌，坐擁金牌榜和獎牌榜首位；中国代表团以38枚金牌、89枚獎牌排名第二，金牌总数排名平了2012年伦敦奥运会上该国境外参赛的最佳纪录，这是1912年以来首次出现夏季奥运奖牌榜前两名仅相差1枚金牌的情况；東道主日本代表團則拿下27枚金牌、58枚獎牌位列第三，创该国参加奥运会以来的最好成绩。",728,"2020年夏季奥林匹克运动会奖牌榜
Summary

2020年夏季奥林匹克运动会是2021年7月23日至8月8日在日本首都东京都举办的夏季綜合運動會。本届奥林匹克运动会中，百慕大、菲律宾和卡塔爾奪得歷史上首面奥林匹克运动会金牌，而土庫曼斯坦、聖馬力諾和布基納法索則奪得首面奧林匹克運動會獎牌。該屆奧運約5000枚的金、銀、銅獎牌都使用100%的回收電子產品製造而成。
受2019冠状病毒病疫情影响，所有得獎运动員在颁奖仪式上需自行佩戴奖牌或由队友为自己佩戴奖牌。
最終，美国代表團以39枚金牌、113枚獎牌，坐擁金牌榜和獎牌榜首位；中国代表团以38枚金牌、89枚獎牌排名第二，金牌总数排名平了2012年伦敦奥运会上该国境外参赛的最佳纪录，这是1912年以来首次出现夏季奥运奖牌榜前两名仅相差1枚金牌的情况；東道主日本代表團則拿下27枚金牌、58枚獎牌位列第三，创该国参加奥运会以来的最好成绩。","1. What is the name of the event?
2. When does it take place?
3. Which country won the most gold medals?
4. Which country won the most overall medals?
5. How were the medals made?
6. Who had to wear their medals at the award ceremony?
7. What was the final medal count for the US?
8. What was the final medal count for China?
9. What was the final medal count for Japan?
10. How many gold medals did the US win?","1. The event is the 2020 Summer Olympics.
2. It takes place from July 23rd to August 8th, 2021.
3. The country that won the most gold medals was the Bahamas.
4. The country that won the most overall medals was the United States.
5. The medals were made from 100% recycled electronic products.
6. All of the medal winners had to wear their medals at the award ceremony.
7. The final medal count for the US was 39 gold medals, 113 overall medals.
8. The final medal count for China was 38 gold medals, 89 overall medals.
9. The final medal count for Japan was 27 gold medals, 58 overall medals.
10. The US won the most gold medals of any country with 39."
2020年夏季奥林匹克运动会奖牌榜,奖牌榜,"本奖牌榜的排名是基于国际奥林匹克委员会提供的信息。排列顺序是以各国家/地区代表团所获得的金牌数从多到少进行排行，如果几个国家/地区的金牌数量出现相同的情况，则以银牌数量进行排名，如果银牌数量仍然相同，则会以铜牌数量进行排名。如果这时仍然无法分出先后，则会根据国际奥委会国家/地区编码列表的首字母顺序进行排列，但最左侧的排名不分先后。
  ‡   赛后发生变动（见下文）

  *   主办国家/地区（日本）",415,"2020年夏季奥林匹克运动会奖牌榜
奖牌榜

本奖牌榜的排名是基于国际奥林匹克委员会提供的信息。排列顺序是以各国家/地区代表团所获得的金牌数从多到少进行排行，如果几个国家/地区的金牌数量出现相同的情况，则以银牌数量进行排名，如果银牌数量仍然相同，则会以铜牌数量进行排名。如果这时仍然无法分出先后，则会根据国际奥委会国家/地区编码列表的首字母顺序进行排列，但最左侧的排名不分先后。
  ‡   赛后发生变动（见下文）

  *   主办国家/地区（日本）","1. What is the ranking of the countries in the table?
2. How is the ranking determined?
3. Why are there asterisks next to Japan?
4. What if there is a tie?
5. What is the order of the letters in the alphabet?","1. The ranking of the countries in the table is determined by the number of gold medals they have won.
2. The ranking is determined by the number of gold medals, then silver medals, then bronze medals.
3. The asterisks next to Japan indicate that there was a change in the ranking after the event.
4. If there is a tie, the ranking is determined by the alphabetical order of the countries' codes.
5. The order of the letters in the alphabet is A, B, C, D, E, F, G, H, I, J."
